pub_date,abstract,compound,neg,neu,pos
12/1/1992,"  It was a hair-raising holiday season for many of the nation's retailers: sales started out strong, dropped off precipitously and finally skyrocketed the last weekend before Christmas.   Most merchants say their holiday business improved this year despite the ups and downs caused by unusually nasty weather and news of more layoffs and revampings among America's blue-chip companies.",0.785,0.058,0.765,0.177
12/1/1992,"  A Blow to the Wallet   Retailers and public officials lamented the storm's temporary effect on holiday sales and feared the costly, prolonged work needed to repair ravaged beaches and homes. Page 49. Transit's Fragile System   The breakdown of New York's subways during the storm underscored its reliance on a rare electric current to run many safety signals. Page 55.",-0.128,0.109,0.806,0.085
11/1/1992,"  Signs of a comeback in consumer spending pushed the broad stock market averages to record highs yesterday, although trading volume was the lightest of the year.   The Dow Jones industrial average rose 15.94 points, to 3,282.20, ending a holiday-shortened week with a solid gain of 54.84 points.",0.6124,0,0.894,0.106
12/1/1992,"  Losses at R. H. Macy & Company narrowed in the first quarter of its 1993 fiscal year, the bankrupt retailer reported yesterday. It added that holiday sales were running ahead of last year and slightly ahead of plan, but the company said it remained cautious.   For the quarter that ended on Oct. 31, Macy reported a loss of $135.8 million on sales of $1.5 billion, compared with a loss of $155.3 million on sales of $1.6 billion in the corresponding period a year ago. The first quarter of 1992 included sales at stores that have since been closed.",-0.7579,0.103,0.878,0.018
11/1/1992,"  With their fingers tightly crossed and rabbits' feet stashed in their pockets, merchants are predicting healthy -- but not robust -- sales increases this holiday season.   Retailers are taking hope from their strong performances in the third quarter, when sales and profits increased for many. Also figuring into their estimates are the recent encouraging economic statistics, like stronger housing starts, rising consumer confidence and slightly lower unemployment and consumer debt loads.",0.9797,0.11,0.542,0.348
11/1/1992,"  The Kmart Corporation, the discount and specialty store chain, reported yesterday that a program of renovating and enlarging its discount stores paid off in increases of about 12 percent in profits and sales in its third quarter.   And Toys ""R"" Us Inc., the specialty toy retailer, said strong sales at its stores in Europe and Japan and its Kids ""R"" Us apparel chain helped lift profits nearly 15 percent while sales rose more than 14 percent in the quarter.",0.8442,0,0.892,0.108
12/1/1992,"   The Economy    The economy is staggering out of the recession, but people who are getting jobs again tell a sobering story. The good jobs of the past, with strong wages and benefits, are largely giving way to unstable and mediocre positions. That makes this recovery different from any other. And with corporate giants like G. M. and I.B.M. planning to shed tens of thousands of workers next year, the resilience of the recovery is in some doubt.  [ Page 1. ]   Most merchants' holiday business improved this year despite ups and downs caused by unusually nasty weather and more layoffs and revampings among top companies. ""People have shopped this year like there really is a Christmas,"" an analyst said. While retailers will not post holiday sales numbers until Thursday, a few experts estimate sales grew 8 or 9 percent from a year ago.  [ 1. ]",0.9668,0.092,0.701,0.206
12/1/1992,"  The economy is improving modestly but unevenly across the country, with retailers expressing optimism about the holiday season, the Federal Reserve said today.   In its periodic assessment of the state of the economy, the central bank said almost all regions were experiencing ""a slight to moderate pickup in some or all sectors of the economy"" while noting specifically that California was doing worse than other states.",0.7227,0.054,0.812,0.134
12/1/1992,"  The Economy    Retail sales rose for the fifth straight month in November, while consumer prices rose a modest 0.2 percent. Last month's sales rise was 0.4 percent, but this was after October's gain of 0.9 percent was revised upward to 1.9 percent.  [ Page 39. ]   Increasing taxes on the rich will not raise as much revenue as the Clinton economic team has projected, both because the rich can take steps to avoid taxes and because they may not possess as many riches as they used to.  [ 39. ]",0.962,0.027,0.773,0.2
12/1/1992,"THE good news is that consumer spending on Long Island rose for the fifth month in a row, thanks to brisk holiday sales and a rise in consumer confidence. The bad news is that much of the seasonal spree was financed on plastic. 

A result: Thousands of overzealous holiday spenders will usher in the new year with painful debt hangovers.",0.7351,0.122,0.658,0.221
12/1/1993,"  When the nation's retailers locked their doors Friday evening after a 29-day holiday season that began the day after Thanksgiving, many were relieved that a late surge of shopping would produce modestly respectable sales figures.   ""It was explosive the last few days before Christmas,"" said Walter F. Loeb, a consultant in New York who works with leading retailers. ""Customers were rushing to the stores.""",0.802,0,0.876,0.124
11/1/1993,"  There was little consistency in the October sales figures reported yesterday by most of the major retail chains, leaving merchants with few hints about how they will fare during the critical holiday sales season.   For every department store operator that had sluggish sales in October, there was one with healthy gains, a pattern that held true for most other types of retailers.",0.6808,0.071,0.779,0.15
11/1/1993,"  Never mind that holly boughs, tinsel and blinking lights have festooned store windows and shopping malls since Halloween. Tomorrow, the annual holiday shopping season officially begins, the most profitable time of year for retailers. But there is little consensus about just how strong sales will be this year.   In the past, estimates of holiday sales have tended to converge as Thanksgiving approached. What started out as very different predictions in September following back-to-school sales usually ended up as very similar estimates as Christmas drew nearer and a herd mentality seized the financial community.",0.8977,0,0.881,0.119
12/1/1993,"  Although holiday sales have proved somewhat disappointing, what with cold weather and consumers' resolute resistance to anything but bargain-basement prices, disconsolate retailers can take heart.    The Appert Gift Wrap Indicator predicts that sales of nondurable goods will rise 4.9 percent in the fourth quarter, not as much as last year's jump, but stronger than recent sales would suggest.",0.5017,0.093,0.753,0.154
11/1/1993,"  Reviews were upbeat yesterday for the traditional opening weekend of the holiday shopping season, but merchants refused to read too much into the sales data flooding into their laptop computers.   The 29 days between Thanksgiving and Christmas will be the most profitable time of year for many retail companies, but consumer spending during the first weekend is no longer considered a reliable barometer because shoppers now do the bulk of their holiday shopping in the final week of the season.",0.6236,0.063,0.829,0.109
12/1/1993,"  Shares of the Sharper Image Company surged 37 percent yesterday after the retailer, known for selling quirky gadgets and toys, said its holiday sales were beating its projections. ""The season has been steadily improving as its draws to a close,"" Craig Womack, president of Sharper Image, said in a news release. Its stock closed up $1.375, to $5.125. ""As long as January remains on plan, we expect to report a substantial earnings gain over last year, in the range of 200 percent to 300 percent,"" Mr. Womack said. The company sells merchandise in its 76 stores, in department stores, on television shopping programs and through its catalogue.",0.836,0.026,0.86,0.113
12/1/1993,"  Consumers are taking merchants on a roller coaster ride this holiday season, jamming to overflowing parking lots outside malls and strip centers one day, and staying home en masse the next.   So erratic has their business been that many retailers say they will not really know how they fared during their peak sales and profit period -- the weeks between Thanksgiving and Christmas -- until the proverbial fat lady sings, and they do not expect her to make a curtain call until Christmas Eve.",0.7206,0,0.93,0.07
12/1/1993,"  R. H. Macy & Company reported yesterday that despite slipping sales volume, cash flow was markedly stronger in its first fiscal quarter, largely because of cuts in expenses.   Because of a change in accounting practices, Macy, which is operating under bankruptcy court protection from creditors, had earnings of $67.4 million in the quarter, in contrast to a loss of $135.9 million in the corresponding period last year. Without the accounting change, it would have posted a $117.9 million loss in the quarter that ended Oct. 30.",-0.4939,0.078,0.892,0.03
12/1/1993,"  A bright red stamp in the middle of the cover of the latest J. Peterman catalogue entices last-minute shoppers with a promise that orders placed by noon on Dec. 23 will arrive in time for Christmas.   Wolferman's, a mail-order company that sells baked goods, has mailed a postcard guaranteeing customers delivery in time for Christmas.",0.6369,0,0.904,0.096
11/1/1993,"  Business conditions in most of the country improved at a ""slow to moderate"" clip during September and October, but large pockets on both seaboards remained lackluster, an anecdotal survey of the Federal Reserve Board's 12 districts showed today.   The findings of the central bank, though noting renewed strength in motor vehicles and housing, struck much the same tone as two months ago when it also described national growth as ""slow to moderate,"" and seemed less buoyant than implied by various recent statistics.",0.8466,0.028,0.843,0.129
12/1/1994,"RETAILERS and economic analysts said last week that sales for the holiday season on Long Island were running higher than last year, a sign of a continued growth in consumer confidence and of strenth in the region's service sector. 

Strong sales would benefit Nassau and Suffolk Counties, where 8.5 percent sales taxes, the highest in the state, reap a bounty from seasonal sales that account for one-fifth of yearly municipal sales-tax revenues. Each county receives half the tax, a 4.25 percent share.",0.9442,0,0.808,0.192
12/1/1994,"  Shares of Toys ""R"" Us Inc. fell 9 percent yesterday as analysts cut earnings estimates after the retailer reported lower-than-expected sales for the holiday season. Robert J. Schweich, an analyst with Wert heim Schroder & Company, said Toys ""R"" Us probably failed to achieve domestic sales growth of 4 percent in stores open more than a year. The retailer, based in Paramus, N.J., reported a 7.4 percent gain in such sales last year. In addition, Mr. Schweich said, profits in Europe might increase to $130 million to $140 million, compared with earlier projections of $150 million. Shares of Toys ""R"" Us fell $3, to $30.175, on the New York Stock Exchange.",0.8979,0.045,0.804,0.152
11/1/1994,"  Mother Nature seems determined to keep merchants guessing about their prospects for the all-important holiday sales season, which officially begins the day after Thanksgiving.   The nation's chain stores said unseasonally balmy weather in several parts of the country contributed to slowing sales in October, the same reason they gave for September's weak performance.",0.5267,0.049,0.828,0.123
12/1/1994,"  Even as retailers take final markdowns as they prepare to bring in new merchandise, they worry that 1995 is shaping up as a difficult year.   The holiday selling season, which ended with a whimper on Saturday, was softer than many anticipated. And many merchants expect shoppers to suffer holiday hangovers nonetheless, when they begin receiving credit card bills next month.",-0.2263,0.129,0.755,0.116
11/1/1994,"HOLIDAY SALES

Holiday sales are already getting under way throughout the state.

""In Celebration of Hanukkah, Judaic Crafts"" will open at the Jewish Community Center in West Orange with a reception at 3 P.M. today. As the show continues through Nov. 21, many regular programs, like lectures and concerts, will begin their seasons.",0.824,0,0.848,0.152
12/1/1994,"  The nation's retail chains managed to ring up moderate sales gains in November, but only after jump-starting their businesses with holiday-related promotions.   The month was a cliffhanger for most retailers as sales, which were weak in September and October, stalled during the first three weeks of the month before picking up steam around Thanksgiving Day.",-0.6542,0.103,0.868,0.029
11/1/1994,"  Beth Findlay and her mother, Joan Gorelick, spent yesterday morning browsing at the Stamford Town Center in Stamford, Conn.    In Macy's, they picked up a couple of pairs of earrings that were already gift-wrapped and bought a sports shirt that was on sale for Mrs. Gorelick's husband, Dan. But mostly they just prowled the mall, trying to get into the holiday spirit.",0.5267,0,0.929,0.071
12/1/1994,"  The predictions of a strong holiday shopping season were apparently wishful thinking for many retailers, particularly in apparel.    While the numbers will not begin to come out until tomorrow, the early indications are that the season's sales, while above last year's, have not been what retailers hoped for or stocked for. ""It's not been a happy season,"" said Edward Johnson, the retailing analyst who compiles the Johnson Redbook Service, which tracks sales.",0.681,0.039,0.851,0.111
11/1/1994,"  Heavy advertising and promotional campaigns helped draw shoppers into stores during the weekend, and several retailers reported that their sales in the first two days of the holiday shopping season were slightly better than expected.    But most executives were circumspect about business, and one survey of foot traffic in 33 malls around the country found fewer shoppers this year than last year for the first weekend of holiday shopping.",0.791,0,0.892,0.108
12/1/1994,"  The prices of Treasury securities rose yesterday, and the yield on the 30-year bond fell to a three-month low in thin holiday trading.   The price of the 30-year bond rose 25/32 , to 971/32 , for a yield of 7.76 percent, down from 7.83 percent on Friday. The rates on the shorter-maturity bills were steady, and at the Treasury's weekly auction of three- and six-month bills, the discount rate declined for the third consecutive week.",0.5574,0.028,0.884,0.088
12/1/1995,"In this season of gift-giving, Macy's has decided that some members of its sales staff should give the company a Christmas present -- as much as half of their commissions.         Macy's has reduced the percentage of commission for sales representatives during the five-week holiday selling season, cutting deeply into the biggest paychecks many employees receive all year. The reduction hits most sales employees in 15 stores, many of them in the New York suburbs, as well as those who work in commissioned departments at other Macy's stores on the East Coast. A spokesman for Federated Department Stores Inc., which acquired R. H. Macy & Company in 1994 after it emerged from bankruptcy, estimated that about 3,000 sales associates were affected by the change.   ",0.4019,0.025,0.936,0.039
12/1/1995,"Retail sales rebounded last month, the Government reported yesterday, but analysts said consumers remained anxious and they continued to predict a brutally competitive Christmas for retailers.         According to the Commerce Department's early estimates, retail sales rose eight-tenths of 1 percent in November, more than expected, to a seasonally adjusted $197.9 billion.   ",-0.7876,0.145,0.817,0.037
12/1/1995,"The Standard & Poor's Corporation said today that it would not decide whether to downgrade Kmart's debt until the week of Jan. 8, giving the troubled retailer time to pump up holiday sales and negotiate a deal with debt holders.         The Kmart Corporation, which is based in Troy, Mich., is in talks to change the terms of $681 million in real estate debt, and the outcome could play a central role in the company's financial future.   ",-0.4588,0.125,0.786,0.089
12/1/1995,"New orders for computer chips declined in November, the Semiconductor Industry Association said today, indicating that demand could be slowing.         The trade group's book-to-bill ratio, a closely watched gauge of demand for computer chips, fell to 1.14 in November from 1.18 in October.   ",-0.25,0.07,0.93,0
11/1/1995,"Tom Luzod was determined to find the bargains, but it took some effort. By 6  A.M. yesterday, he was already at Michaels Arts and Crafts in San Jose, Calif.,  cleaning up at its ""50 percent off"" sale. By 7, he was at Mervyn's department store, where he was one of the first in line so he could scoop up a limited edition Joe Montana collectible trading card.         Not a bad morning's work, but Mr. Luzod, 44, was barely started. He arrived at Big 5, a sporting goods store, by 7:30. It was not open yet, but it let him in anyway, lest he lose his momentum.   ",0.2193,0.053,0.876,0.07
12/1/1995,"IT may be the season for glad tidings, but not so far this year for anxious retailers. In Westchester as elsewhere, shopkeepers are reporting brisk foot traffic in their stores in the weeks before Christmas -- but disappointing sales.         ""The bottom line is not how crowded the stores are, but how many shoppers are leaving with bags,"" said Harold E. Vogt, president and chief executive officer of the Westchester Chamber of Commerce. ""The consumers may be out there, but whether they're buying is another question.""   ",-0.5994,0.074,0.883,0.043
11/1/1995,"The fierce competition that has kept consumers awash in bargains has taken a  heavy toll on retailers, industry figures showed today.         Wal-Mart Stores Inc., the nation's largest chain, eked out a modest increase  in profits for its third fiscal quarter, but the Dayton Hudson Corporation, the J. C. Penney Company and the Woolworth Corporation all posted declines.   ",0.3818,0,0.936,0.064
12/1/1995,"BOGGED down with shopping bags from stores throughout the Roosevelt Field mall, Roy Cotignola and Mary-Jo Thompson were doing their holiday shopping at J. Crew.         ""We've already been to Kay-Bee, Disney, Warner Brothers, Learningsmith and the Nature Company,"" said Ms. Thompson, who traveled to the mall from Queens to  find the items on her holiday list.   ",0.6597,0,0.909,0.091
12/1/1995,"Economic growth is slowing in the United States, two new reports said today,  putting new pressure on the Federal Reserve to reduce interest rates and on Congress and the White House to reach a budget deal.         The Commerce Department announced this morning that its index of leading economic indicators had fallen by half a percentage point in October, the steepest drop since April and the seventh drop in the last nine months. The slide in October was larger than most economists expected and prompted some to warn of a recession if the Federal Reserve did not reduce short-term interest rates soon.   ",0.1027,0.116,0.773,0.111
11/1/1995,"I put together this collection of songs to accompany my novel, 'Where Love Goes,' so readers could have the experience of hearing some of the music I listen to when I write. And out of my lifelong belief that almost any experience goes better with music."" -- Joyce Maynard    TO: Murray Lawrence, Marketing Director FROM: Ed Branden, Publicity Coordinator      Murray:   ",0.8555,0,0.852,0.148
12/1/1996,"Retailers, as final week of holiday selling season begins, are finding their sales stuck between mediocre and decent, meaning that these last few days could be crucial to their success; there are five fewer shopping days this year because Thanksgiving weekend was later than usual; weather may also be turning against retailers; graphs (L)",0.6597,0.034,0.859,0.108
11/1/1996,"Intel Corp says it expects its fourth-quarter sales to significantly exceed sales of $5.14 billion in third quarter and that its gross margin would be wider, because of increase in new orders and strong holiday sales of personal computers (S)",0.6369,0.065,0.759,0.175
12/1/1996,Nordstrom Inc says it will report lower-than-expected earnings in its fourth quarter because of slow holiday sales (S),0.4019,0,0.863,0.137
12/1/1996,New Jersey retailers hope that brisk start to holiday shopping bodes well for season; photo; holiday shopping accounts for 25 to 30 percent of most retailers' annual sales (S),0.875,0,0.667,0.333
11/1/1996,Bargain holiday shopping in New York noted,0.5423,0,0.526,0.474
12/1/1996,Retailers report brisk sales on last weekend before Christmas; are optimistic that they will easily exceed weak 1995 sales (M),0.34,0.115,0.635,0.25
12/1/1996,Nordstrom Inc says that its fourth-quarter earnings will fall below Wall Street analysts' expectations because of slow sales during holiday period (S),0.4019,0,0.886,0.114
12/1/1996,"Westchester County artisans are pleased with holiday sales this Christmas; photo of scene at Handicraft Junction in Harrison, which represents work of 25 artisans (M)",0.6808,0,0.804,0.196
11/1/1996," Holiday Sales Open Briskly; Consumer Spending Climbs   On a day retailers call Black Friday -- for the black ink they hope will show up on balance sheets -- department stores and discount shops, particularly those displaying sale signs, were filled with shoppers, many of whom said they were feeling flush and ready to spend.    At the start of the crucial holiday shopping season, mass-market women's clothing was moving, as were favorite items as diverse as Tickle Me Elmo dolls and toasters. But demand was sluggish for expensive goods like computers, and many sales people in specialty stores had time on their hands. $(Page 1.$)    Consumer spending rebounded by a larger-than-expected five-tenths of a percent in October. Economists took the increase as a sign that Americans were ready to spend during the Christmas season after a summer lull. Personal incomes, however, were unchanged during the month. $(41.$)    For the Dow, a Buoyant Month   Stocks advanced in a shortened session, as the Dow Jones industrial average rose 22.36 points, to 6,521.70, giving it a gain of 8.16 percent in November, the most since a 9.47 percent climb in December 1991. The Nasdaq composite index rose 5.29 points, to 1,292.61, and was up 5.82 percent for the month. $(43.$)    Treasury Securities' Prices Rise   Prices of Treasury securities gained in quiet trading, thanks to overseas buying, portfolio managers' end-of-month buying and favorable economic data. The 30-year bond rose nearly a full percentage point to 10131/32 , pushing its yield down to 6.35 percent. $(43.$)    Hospital Rates to Be Deregulated   With hospital rates in New York scheduled to be deregulated on Jan. 1, thousands of companies face a deadline of midnight Monday to inform the state whether they plan to contribute to state funds to subsidize health care for the poor and to train physicians. Employers that miss the deadline will face big increases in hospital charges. $(31.$)    French Truckers Lift Barricades   Striking French truck drivers began lifting barricades blocking major highways after union and employer negotiators resolved most of the issues in a 12-day dispute that was strangling much of Western Europe's economy. In France, there was widespread sympathy for the truckers, reflecting mounting discontent with the economy. $(7.$)    Amtrak Computer Breaks Down   The computer system that controls Amtrak's ticketing nationwide broke down, leaving thousands of riders on the busiest travel weekend of the year standing in long lines as clerks wrote out tickets by hand -- often guessing at fares. $(30.$)    Dairy Farmers Lose, As Milk Prices Rise   Consumers are paying record prices for milk, cheese and many other dairy products -- 12.1 percent more than a year ago, the Government says. But prices paid to the nation's 150,000 dairy farmers have tumbled 25 percent recently. In the patchwork of free market forces and Government formulas that drive milk prices these days, it is the retailers that are fattening their profit margins. $(1.$)    Peaceworks, Doing Well to Do Good   ''There is no better way to create political stability than by having people work together and giving them economic incentives,'' says Daniel Lubetzky, a 28-year old entrepreneur. His company, Peaceworks, is successfully marketing foods made by Jews and Arabs cooperating for economic advantage. $(40.$)    Protesters Battle Mink Farmers   Tension crackles in Utah, home of the nation's largest number of mink farms. Prices have risen 60 percent this year to $53 a pelt, the highest level in more than 20 years, but animal rights' advocates have raided farms, freeing animals and destroying property and records. Farmers are joining armed patrols, seeking to protect their livelihood. $(9.$)    Fur is again in vogue, with sales in the United States up 10 percent last year to $1.2 billion, and strong 1996 sales are expected. $(9.$)  ",0.9878,0.041,0.842,0.117
12/1/1996,"Stock prices of several luxury retailers fall sharply, reflecting investors' fear that fourth-quarter results would be disappointing for some high-end merchants; several analysts cite Nordstrom's Inc's recent announcement that holiday sales will not meet expectations, as well as Montgomery Securities Inc's announcement that it is lowering its rating on Marks Brothers Jewelers Inc because sales could be lower and inventory levels higher than expected; graph showing daily closes of Nordstrom ad Saks Holdings, parent of Saks Fifth Avenue, since Aug 30; both retailers lost ground on Dec 30 (M)",-0.7096,0.128,0.803,0.069
12/1/1997,"Treasury prices ended slightly higher yesterday in very light trading.     Talk of disappointing holiday retail sales and the dollar's advance against the Japanese yen helped bonds yesterday, but traders said the moves were meaningless because they occurred on such thin trading volume.  ",-0.5719,0.126,0.805,0.069
12/1/1997,"Retailers Finding Sales Disappoint For The Holidays** Sparkling economy, record-low unemployment and fatter paychecks failed to translate into big holiday selling season retailers were counting on; retailers estimate sales rose scant 2% to 3% in December from year earlier, half gain some analysts had touted at start of holiday season; analysts say lackluster performance underscores harsh necessity for retailers to come to grips with diminishing role of Christmas-season sales and to find more creative ways of getting people to part with cash (M)",0.2944,0.13,0.729,0.142
12/1/1997,"It's become as much a part of the seasonal ritual as caroling and trimming the tree: moaning about disappointing holiday sales.    For the third consecutive year in a roaring economy, people didn't buy as much as experts thought they would. Retailers and those who watch them estimated that sales rose only 2 to 3 percent in December from the year before, about half the gain analysts had predicted at the start of the shopping season.  ",0.3612,0.059,0.862,0.079
12/1/1997,"Retail sales were light over Thanksgiving Day holiday weekend, despite packed malls and lines at discount stores; graph (M)",0.4019,0,0.87,0.13
12/1/1997,"National Association of Purchasing Management's annual forecast shows US manufacturers are optimistic about coming year despite uncertainty over Asia's financial crisis, expecting stronger revenues, increased employment and stable prices (S)",0.6293,0.104,0.61,0.286
11/1/1997,Outlook for investing in retailing stocks discussed in light of soaring retailing stock prices and hopes of robust holiday sales; holdings of some diversified mutual funds that have made large bets on retailing discussed; graphs; photos (M),0.7845,0,0.811,0.189
12/1/1997," NBC Losing 'Seinfeld' At the End of the Season   The most popular television comedy of the 1990's, ''Seinfeld,'' will shut down production at the end of this season. The decision by the show's creator and star, Jerry Seinfeld, is a blow to NBC, which has seen its prime-time strength weaken this season.  ",0.5657,0.089,0.761,0.15
12/1/1997,"Article contends that this holiday season may be first in which consumers give businesses that offer goods and services on Internet a significant amount of sales; many Internet merchants have found that volume is up sharply this year as more consumers learn how to find what they want and become comfortable that they will not be defrauded; American Express Co calculates that $4 billion to $6 billion will be spent making credit card purchases over Internet this year, with sales increasing at more than 400 percent pace annually; more conservatively, Forrester Research puts figure at $2.4 billion, double last year's total (M)",0.8786,0,0.888,0.112
12/1/1997,"James Jackson headed toward the J. C. Penney's in the Connecticut Post Mall in Milford, wearing a determined look and a dark leather jacket. His destination: the return and refund line.    ''I wouldn't wear these if it were 20 below,'' he said, displaying a pair of purple woolen gloves. ''I would rather get frostbite.''  ",0.34,0,0.954,0.046
11/1/1997,"Toy industry has high hopes for holiday season; unusually wide range of hot toys is on market this year, including some updated classics and several newcomers; action figures tied to blockbuster movies are already vanishing from store shelves, and plush toys have made comeback; industry is counting on broad mix of playthings to keep merchants from pinning their hopes on few standout toys that may be out of stock long before Christmas; Toy Manufacturers of America says it expects value of toys shipped to exceed last year's $14.5 billion by at least 5 percent; photos (M)",0.9274,0,0.86,0.14
12/1/1994,"RETAILERS and economic analysts said last week that sales for the holiday season on Long Island were running higher than last year, a sign of a continued growth in consumer confidence and of strenth in the region's service sector. 

Strong sales would benefit Nassau and Suffolk Counties, where 8.5 percent sales taxes, the highest in the state, reap a bounty from seasonal sales that account for one-fifth of yearly municipal sales-tax revenues. Each county receives half the tax, a 4.25 percent share.",0.9442,0,0.808,0.192
12/1/1994,"  Shares of Toys ""R"" Us Inc. fell 9 percent yesterday as analysts cut earnings estimates after the retailer reported lower-than-expected sales for the holiday season. Robert J. Schweich, an analyst with Wert heim Schroder & Company, said Toys ""R"" Us probably failed to achieve domestic sales growth of 4 percent in stores open more than a year. The retailer, based in Paramus, N.J., reported a 7.4 percent gain in such sales last year. In addition, Mr. Schweich said, profits in Europe might increase to $130 million to $140 million, compared with earlier projections of $150 million. Shares of Toys ""R"" Us fell $3, to $30.175, on the New York Stock Exchange.",0.8979,0.045,0.804,0.152
11/1/1994,"  Mother Nature seems determined to keep merchants guessing about their prospects for the all-important holiday sales season, which officially begins the day after Thanksgiving.   The nation's chain stores said unseasonally balmy weather in several parts of the country contributed to slowing sales in October, the same reason they gave for September's weak performance.",0.5267,0.049,0.828,0.123
12/1/1994,"  Even as retailers take final markdowns as they prepare to bring in new merchandise, they worry that 1995 is shaping up as a difficult year.   The holiday selling season, which ended with a whimper on Saturday, was softer than many anticipated. And many merchants expect shoppers to suffer holiday hangovers nonetheless, when they begin receiving credit card bills next month.",-0.2263,0.129,0.755,0.116
11/1/1994,"HOLIDAY SALES

Holiday sales are already getting under way throughout the state.

""In Celebration of Hanukkah, Judaic Crafts"" will open at the Jewish Community Center in West Orange with a reception at 3 P.M. today. As the show continues through Nov. 21, many regular programs, like lectures and concerts, will begin their seasons.",0.824,0,0.848,0.152
12/1/1994,"  The nation's retail chains managed to ring up moderate sales gains in November, but only after jump-starting their businesses with holiday-related promotions.   The month was a cliffhanger for most retailers as sales, which were weak in September and October, stalled during the first three weeks of the month before picking up steam around Thanksgiving Day.",-0.6542,0.103,0.868,0.029
11/1/1994,"  Beth Findlay and her mother, Joan Gorelick, spent yesterday morning browsing at the Stamford Town Center in Stamford, Conn.    In Macy's, they picked up a couple of pairs of earrings that were already gift-wrapped and bought a sports shirt that was on sale for Mrs. Gorelick's husband, Dan. But mostly they just prowled the mall, trying to get into the holiday spirit.",0.5267,0,0.929,0.071
12/1/1994,"  The predictions of a strong holiday shopping season were apparently wishful thinking for many retailers, particularly in apparel.    While the numbers will not begin to come out until tomorrow, the early indications are that the season's sales, while above last year's, have not been what retailers hoped for or stocked for. ""It's not been a happy season,"" said Edward Johnson, the retailing analyst who compiles the Johnson Redbook Service, which tracks sales.",0.681,0.039,0.851,0.111
11/1/1994,"  Heavy advertising and promotional campaigns helped draw shoppers into stores during the weekend, and several retailers reported that their sales in the first two days of the holiday shopping season were slightly better than expected.    But most executives were circumspect about business, and one survey of foot traffic in 33 malls around the country found fewer shoppers this year than last year for the first weekend of holiday shopping.",0.791,0,0.892,0.108
12/1/1994,"  The prices of Treasury securities rose yesterday, and the yield on the 30-year bond fell to a three-month low in thin holiday trading.   The price of the 30-year bond rose 25/32 , to 971/32 , for a yield of 7.76 percent, down from 7.83 percent on Friday. The rates on the shorter-maturity bills were steady, and at the Treasury's weekly auction of three- and six-month bills, the discount rate declined for the third consecutive week.",0.5574,0.028,0.884,0.088
12/1/1999,Holiday retail purchases made in New York City and paid for with checks increase 7.2 percent from last year; Mayor Rudolph Giuliani says data show strength of holiday shopping season in city (S),0.872,0,0.727,0.273
11/1/1999,"Commerce Department reports inventories rose four-tenths of 1 percent in September after three-tenths of 1 percent increase in August; business sales fell for first time since January, dropping two-tenths of 1 percent in September after 1.2 percent gain in August (S)",0.6908,0,0.863,0.137
12/1/1999,"Unseasonably warm weather put damper on retail sales for much of November, but exceptionally bullish week of shopping after Thanksgiving helped get nation's merchants back on track for strong Christmas season; sales rose 2.9 percent in November--smallest since September 1997 (M)",0.7096,0,0.869,0.131
12/1/1999,"Consumer optimism rebounded in November, bolstered by rising incomes and stock prices, just as retailers geared up for the holiday shopping season, Conference Board figures showed yesterday.    The consumer confidence index climbed to 135.8 in November from 130.5 in October, the New York-based research group reported. The index is the highest since August, and the increase follows four months of declines.  ",0.8957,0,0.828,0.172
12/1/1999,"Online holiday shopping is gnawing at business of traditional retailers this year, with preliminary indications that seasonal Internet sales may nearly triple from last year Visa, which represents about half nation's credit card spending, estimates that Internet shoppers using its cards will have spent $1.47 billion this November and December, 179 percent more than last year; in overall retail market that figure is still small, 1.79 persent of Visa's total retail sales; with economy buoyant and retail sales expected to rise an overall six percent this holiday season, big store chains have yet to see Internet take a substantial bite out of their sales; but this may mask a more troublesome phenomenon as stores find that their most affluent customers are the quickest to move online (M)",-0.138,0.037,0.9,0.063
11/1/1999,"Commerce Department reports personal incomes in October rose at fastest pace in five and half years; incomes rose 1.3 percent after no change in September; personal spending grew 0.6 percent, topping 0.5 percent in September; spending has risen at 7.4 percent annual rate in first 10 months of year, compared with 6.8 percent year earlier; graph (M)",-0.296,0.038,0.962,0
11/1/1999,"Goldman, Sachs retail composite index shows growth in retail sales eased in October; sales in stores open at least a year, key comparison in industry, rose 4.1 percent, smallest increase in six months, leading many analysts and economists to predict possible drop-off in consumer buying; graph; chart (M)",0.7269,0,0.861,0.139
12/1/1999,"Jim Frederick article on questions about just how momentous Internet commerce is going to become, questions that are hard to answer because of lack of kinds of historical patterns that are used to make forecasts about more mature industries; describes how Jupiter Communications and Forrester Research, two most prominent companies to have recognized Internet-certainty shortage, make prediction models; comments on forecasts that online advertising will be a $24 billion industry by 2003, 20 million households will trade stocks online that same year and consumers will have spent $6 billion online in holiday shopping by end of this month; drawing (M)",0.5699,0.053,0.868,0.078
12/1/1999,"Holiday season has proved to be far gloomier than expected for many Broadway shows; year after record-breaking box office and packed-to-the-rafters audiences, Broadway has had one of its slowest-selling weeks of year last week, with big drops in grosses and attendance; last show to open this century is Jackie Mason: Much Ado About Everything, which opened Dec 30, and last closing will be Epic Proportions, which folded on Dec 19; last show of 19th century was Ben-Hur, which opened Nov 29, 1899 at Broadway Theater; photo (M)",-0.1531,0.047,0.923,0.03
12/1/1999,"Nasdaq Composite Index rises 8.09 points to record 3,594.17 in its busiest day ever, led by Amazon.com Inc; Dow Jones industrial average rises 66.67, to 11,134.79; graphs (M)",0,0,1,0
12/1/2000,"Industry analysts say holiday shopping season seems to be among worst in decade, despite widespread markdowns and burst of last-minute buying; International Council of Shopping Centers reports sales at specialty stores in malls rose only 2.2 percent, down from 7.7 percent gain last year; sales are disappointing across almost all categories, with sales of bit-ticket, discretionary items particularly hard hit; graph of holiday sales; photo (M)",-0.0498,0.116,0.771,0.113
11/1/2000,"Gateway, second-largest US direct seller of computers, reports Thanksgiving sales 30 percent below last year's; warns that it will probably miss future quarterly earnings projections by wide margin (M)",-0.25,0.1,0.9,0
12/1/2000,EToys and other Internet retailers are cutting prices as much as 75 percent to get rid of unsold merchandise after mixed holiday sales season; clearance sales are most important for companies that need more financing to stay in business (M),0.5095,0.035,0.855,0.111
12/1/2000,"Last-minute sales, ingrained holiday tradition used largely as strategic tactic by retailers, have become increasingly desperate gambit because of slowing economy and steep loss in consumer appetite; vendors nationwide are slashing prices unusually early to rid themselves of unanticipated excess inventory; sales at specialty stores are down 6.2 percent for season as of December 10, despite strong sales reported day after Thanksgiving; anaylsts say it is hard to remember holiday season that offered bigger bargains to savvy shopper; photos (M)",-0.5271,0.121,0.818,0.061
12/1/2000,"Online retail sales are estimated to rise of between 50 percent and 100 percent over last year, but fall short of many predictions; and a great percentage of Internet merchants' sales have been gleaned by online affiliates of conventional stores, to the dismay of Web-only merchants, many of whom will likely not survive; photo; list (M)",0.4497,0.059,0.85,0.091
12/1/2000," Early Flight Arrivals Often Mean Travelers Still Wait  These days, the scourge of air travel is often a flight that arrives late. But many passengers have begun to complain about something they find nearly as annoying: landing early. Officials say that annoyance is part of a broader problem of congestion at the nation's biggest airports. [Page A1.]    Decorations Find a New Market  Sales of Christmas kitsch are growing in China, where hotels, restaurants and shops bought nearly $50 million worth of holiday decorations this year. Christmas has been co-opted by the Communists as good for stimulating business, and it is already a bigger deal than New Year's Eve in China's cities. [C3.]",0.2263,0.084,0.816,0.1
11/1/2000,"Wal-Mart Stores Inc says profit rose 5.8 percent in its fiscal third quarter ended Oct 31; net income rose to $1.37 billion from $1.29 billion a year ago; sales rose 13 percent, to $45.7 billion from $40.4 billion; J C Penney reports $23 million loss in third quarter ended Oct 28 compared with profit of $142 million in year-earlier period; Home Depot Inc says profit rose 14 percent in fiscal third quarter ended Oct 29; net income rose to $650 million from $573 million; sales rose 17 percent, to $11.55 billion from $9.88 billion; Saks Inc says profit tumbled 97 percent in third quarter ended Oct 28; profit from operations fell to $1 million from $31.6 million a year earlier; sales rose 1.2 percent, to $1.57 billion from $1.55 billion (M)",0.9042,0.017,0.878,0.105
12/1/2000,"Montgomery Ward & Co, once the greatest American retailer and pioneer of many sales practices that became widely accepted, says that it will go out of business after 128 years; company, owned by General Electric, says it will close its 250 stores and dismiss 28,000 associates who run them in coming months; it files for Chapter 11 bankruptcy court protection for second and final time and eliminates 450 jobs immediately; photos (L)",0.743,0,0.916,0.084
12/1/2000,"Intel Corp cautions investors that its revenues will be flat for fourth quarter, not up 4 percent to 8 percent as it expected; cites order cancellations by large customers and general slowdowns in world economy; is latest addition to growing list of companies that face troubles in lethargic market for personal computers (M)",-0.5423,0.095,0.874,0.031
12/1/2000,Ostentatious gift wraps are proving popular this year; examples cited; photo (M),0.6908,0,0.637,0.363
11/1/2001,"Article discusses bleak holiday sales outlook for book publishers; with terrorism, war and threat of recession dominating consumers' attention this fall, major publishers are having decreases in their sales of as much as 15 percent from last year's lackluster levels; photo (M)",-0.9349,0.304,0.647,0.049
12/1/2001,"BizRate.com reports 29 percent rise in Internet sales, to $2.13 billion, during two weeks from Nov 19 through Dec 2, helped by price cuts and free shipping (S)",0.2732,0.07,0.825,0.105
12/1/2001,"Last-minute shopping surge may have given nation's retailers and economy small boost; sales gains, spurred by sharp price cuts, will add little to retailers' profits; TeleCheck Services Inc reports pre-Christmas sales nationwide in stores opened at least year rose 2.2 percent over 2000, smallest rise since 1997; Wal-Mart Stores reports sales rose some 6 percent; other discounters also report strong gains; photos (M)",0.8817,0.031,0.782,0.188
12/1/2001,Fears about anthrax spreading by mail have not lowered holiday sales of Hallmark Cards; they are 2 to 4 percent ahead of same period in 2000 (S),-0.5702,0.178,0.774,0.048
12/1/2001," Late Surge in Holiday Sales May Have Lifted Retailers  A surge of last-minute shopping may have given the nation's retailers and the economy a small boost, according to several reports on holiday sales.    The late sales gains will not add much to retailers' profits because most of the increases came after deep price cuts. Still, analysts said the discounts that moved merchandise out of the stores should be good for the overall economy. [Page A1.]",0.9201,0.026,0.781,0.193
11/1/2001,E-Commerce Report column notes that majority of big retailers are optimistic concerning online holiday sales; photo (M),0.6124,0,0.75,0.25
12/1/2001," Japan Details Sea Battle  Japan Coast Guard officials say a vessel suspected of being a North Korean spy boat fired rockets at two of its ships.   PAGE A3    A Christmas Quarrel  Israel barred Yasir Arafat from religious ceremonies in Bethlehem, and Palestinian gunmen shot an Israeli motorist.   PAGE A4",-0.7964,0.159,0.841,0
12/1/2001,Technology Briefing,0,0,1,0
12/1/2001,"Shoppers crowd stores day after Christmas, searching for bargains and big discounts, but are often disappointed with markdowns; in some areas, stores are empty; photo (M)",-0.7469,0.209,0.791,0
12/1/2001,"Holiday sales show signs of being much stronger than retailers expected, and store inventories now emerges as defining issue for retailers and manufacturers; merchants scaled back markedly on orders last spring, sensing sharp economic downturn, and Sept 11 terrorist attacks further discouraged them, leading them to cancel or return goods and scuttle reorder plans; current conditions suggest possibility of widespread shortages during coming weeks; photos; charts (M)",-0.8225,0.176,0.758,0.067
12/1/2002,Roundup of Manhattan stores featuring bargain prices and pre-holiday sales on home furnishings and furniture; photos (M),0.2023,0,0.899,0.101
12/1/2002,"Retailers' hoped-for last minute shopping rush in days before Christmas never arrived this year; some analysts are predicting worst retail Christmas sales in decades; retailers were already bracing themselves, knowing there are six fewer shopping days this year between Thanksgiving and Christmas; International Council of Shopping Centers statistics show holiday sales increases in last three years have steadily shrunk--from 9.5 percent increase in 1999 to just 4 percent gain in 2000 and slim 2.3 percent jump last year; one analyst estimates that more than half of merchandise in most major stores has been reduced this holiday season; photo; graph (M)",0.7184,0.038,0.861,0.102
12/1/2002,"This year's holiday season is worst in many years for retail stores; retail analyst Michael P Niemira says growth in United States retail sales for months of Nov and Dec, at 1.5 percent, is lowest since at least 1970; spokesman for National Retail Federation, known for its upbeat forecasts, lowers its estimate of percent growth for Dec to 3.5 percent; Wal-Mart Stores, nation's biggest retailer, lowers its estimates of Dec sales growth to 2 percent to 3 percent, rather than 3 percent to 5 percent it was forecasting earlier; last year, Wal-Mart posed Dec sales growth of 8.1 percent; idea that even Wal-Mart is struggling is taken as sign of wider problems; worry about economy and about impending war with Iraq and new terrorist attacks have kept many shoppers from buying, even with deep discounts on many items; percentage of consumers giving gift certificates as presents this holiday season soared from previous years, to 54 percent; photos; graph (M)",-0.7717,0.157,0.716,0.127
12/1/2002,Wal-Mart Stores says that December sales are near low end of its forecast of increase of 3 percent to 5 percent (S),0.0516,0.094,0.804,0.103
12/1/2002,Early holiday reports indicate that sales of CD's continue to decline despite substantial marketing blitz designed by music companies to reverse diminishing retail results; photo (M),0.2751,0.056,0.848,0.095
12/1/2002,"Online retailers are having their best year ever, but exactly how much better is subject to dispute; comScore puts online sales since Nov 1 at $8.4 billion as of Dec 20, 19 percent jump from comparable period of 2001, but not 30 percent increase it predicted just a few weeks ago; BizRate, however, says sales figure as of Dec 20 was $11.3 billion, 40 percent increase from 2001; analysts differ on whether to go with conservative or more bullish estimates; online merchants seem to be doing good job of managing investories and filling orders; sales at brick-and-mortar retail stores are dominated by clothes, toys and books, music and movies, nearly reverse order of online sales; photo (M)",0.4337,0.066,0.853,0.081
12/1/2002,Bookseller Barnes & Noble says it will not meet its holiday sales forecasts; its stock price drops 18 percent (M),0.1882,0.101,0.764,0.135
12/1/2002,"Editorial on anemic pre-Christmas consumer spending, which may be bolstered by stronger post-Christmas gift buying; sees danger that businesses and consumers may drastically alter behavior in anticipation of war with Iraq; cautions policy makers against exaggerating sluggishness of holiday sales to advance tax cuts (M)",-0.3818,0.194,0.64,0.166
11/1/2002,Record companies release unusually heavy blitz of CD's by big-name artists in hopes of drawing big holiday sales; strategy could turn counterproductive if such large number of new releases cancel each other out; photos (M),0.5859,0.05,0.779,0.171
12/1/2002,"Some malls draw crowds for post-holiday sales, but one expert says that shoppers did not flock to Manhattan stores in same numbers they did when economy was stronger (S)",0.5267,0,0.892,0.108
12/1/2003,"Poring over the weekend sales figures, retail stock analysts threw cold water yesterday on some of the more optimistic projections for the kickoff to the holiday shopping season.      ''We believe the results over the weekend were mixed at best, and certainly less robust than last year,'' wrote Todd D. Slater, a retail stocks analyst at Lazard Fr&#232;res & Company.  ",0.9186,0,0.788,0.212
11/1/2003,"Holiday sales on Black Friday, day after Thanksgiving, are described as good but not spectacular; National Retail Federation is expecting 5.7 percent increase in overall holidays sales from 2002 level, increase from 2.1 percent gain registered last year; average consumer is expected to spend $671 on holiday purchases, compared with $648 in 2002; photo (M)",0.965,0,0.693,0.307
12/1/2003,"Estimates of Christmas holiday sales gain this year range from 3.5 percent to 5.7 percent over last year's disappointing holiday season; analysts say 2003 sales will be about average for holiday shopping season, rather than above average as many retailers had projected; some retailers, such as Wal-Mart Stores, expect only modest growth from last year's sales, while luxury retailers like Neiman Marcus and Saks Fifth Avenue report strong sales resulting from substantial holiday discounting; catalogue and online retail sales are expected to show strong gains for 2003, due to inclement weather that kept many shoppers at home during holiday season; photo (M)",0.979,0.026,0.712,0.262
12/1/2003,"Estimates of post-Thanksgiving retail sales range from flat to modest, leaving many merchants hoping that things would pick up later in season; some spokesmen comment (M)",0.4215,0,0.899,0.101
12/1/2003,"OfficeMax, the office products retailer, said yesterday that sales this quarter would exceed its expectations after a one-day record of more than $40 million on Friday.     The number of transactions on the day after Thanksgiving set a single-day record, the chief executive, Michael H. Feuer, said.   ",0.0772,0,0.971,0.029
12/1/2003,"Intel Corp raises low end of its fourth-quarter revenue forecast because of strong holiday sales of its microprocessors for personal computers, but surprises investors with $600 million charge related to acquisition in 1999 of DSP Communications for $1.6 billion (M)",0.5859,0.035,0.82,0.145
12/1/2003,Keynote Systems reports that 12 popular online retail sites whose performance it tracks moved more slowly and failed more frequently in early December than than they did before Thanksgiving; says some are losing far more than 1 percent of potential holiday sales because of poor performance; graph (M),-0.5809,0.163,0.74,0.097
12/1/2003,"Nassau Council of Chambers of Commerce, representing more than 6,000 businesses in Nassau County, NY, calls on residents to patronize local merchants in order to boost county's economy (S)",0.4019,0,0.912,0.088
11/1/2003,Interview with specialty retailing an,0,0,1,0
11/1/2003,"May Department Stores, owner of Lord & Taylor chain, and TJX Companies, operator of TJ Maxx stores, say third-quarter profit rose; earnings declined at J C Penney; National Retail Federation says overall holiday sales are expected to rise 5.7 percent; J C Penney's net income fell to $80 million from $123 million year earlier; sales in three months ended Oct 25 rose 1.4 percent, to $7.99 billion; May's net income rose to $47 million from $16 million year ago; revenue fell less than 1 percent, to $2.98 billion, in period ended Nov 1; sales at stores open least one year declined 2.4 percent; TJX says net income increased to $182.8 million from $147.4 million; sales rose 11 percent, to $3.39 billion; photo (M)",0.7717,0,0.937,0.063
12/1/2004,"Baseball has long fashioned itself a typical American business, adhering to the same capitalist principles and abiding by those steadfast laws of supply and demand. The pool of free agents constitutes the supply; the willingness of owners defines the demand.    In this holiday season, when retailers are wondering why more patrons are not filling their department stores or boutiques, why they are not fighting over the latest fashions and jockeying for a place in the cashier line, baseball seems to have almost the same empty feeling.  ",0.8471,0.049,0.804,0.147
11/1/2004,"Millions of Americans start their holiday shopping, making retailers optimistic about sales; National Retail Federation projects sales gain of 4.5 percent in 2004, which is not as robust as in 2003; emphasis on Black Friday, as day is called because retailers traditionally expect to become profitable for year, is on electronics because toy manufacturers have failed to come up with any must-have new toys; photos (M)",0.7153,0.07,0.783,0.147
12/1/2004,"Online sales growth surpasses high range of estimates thanks to heavy last-minute sales to holiday shoppers; on-line spending was on track to reach only low end of estimates in mid-Dec; experts say typical online holiday favorites of computers, consumer electronics and apparels were again dominant items; photo (M)",0.8934,0.036,0.708,0.256
12/1/2004,"video game industry is poised to enjoy record-breaking holiday season, aided by sales of games tailored for older teens and adults; is doing better than expected at what analysts call beginning of normal cyclical downturn before introduction of new generation of game consoles; sales have been 11 percent higher so far this year than last year; photos (M)",0.8689,0,0.833,0.167
12/1/2004,Tracie Rozhon article on frantic Christmas shopping season notes that retailers lure people into paying different prices for same thing; photos (M),-0.4404,0.121,0.879,0
12/1/2004,"Retail analysts say Christmas shopping season was good, but not great; analysts were assessing traditional bricks-and-mortar retail companies; Amazon.com says it set one-day record during holiday season of 2.8 mill1on orders; Wal-Mart Stores says sales rose 1 percent to 3 percent during seasons, smaller than originally predicted; Target says sales in December may have increased by as much as 5 percent; retail consultants NPD Group sticks to prediction of 3.4 percent increase; National Retail Federation maintains its prediction of 4.5 percent growth; MasterCard predicts 8.1 percent holiday sales growth for both online and gift card sales; Sharper Image says its gadgets did not produce expected windfall, and cuts its profit forecast significantly; photos (Market Place column) (M)",0.9679,0.052,0.739,0.209
12/1/2004,"American retailers report luxury market has come back with a bang for holidays; say tourists from Paris, London and Tokyo have descended on United States market for their holiday gift shoppiong, taking advantage of weaker dollar; say even many Americans in market for gifts with elegant label seem unfazed at higher prices they have to pay; photos; chart (M)",0.8957,0.061,0.71,0.229
11/1/2004,"Travelers must wait on long lines at some airports on day before Thanksgiving, one of busiest travel days of year, as skies become overcast over Northeast and snow falls in Midwest; air travel over weekend is expected to hit four-year record; air fares are up 2.6 percent from 2003; morale is low among employees at nation's struggling carriers; photos (M)",-0.5994,0.078,0.922,0
12/1/2004,Traditional last-minute shoppers flood malls across country on Christmas Eve; photos (M),0,0,1,0
12/1/2004,Shares of Sirius Satellite Radio Inc rise sharply after company says it has surpassed year-end goal of attracting one million subscribers; XM Satellite Radio Holdings Inc says it has met its year-end goal of 3.1 million customers (M)a,0.6486,0,0.872,0.128
11/1/2005,"At 12:05 a.m. yesterday, moments into the earliest store opening on the busiest shopping day of the year, the beleaguered employees at the CompUSA on 57th Street in Manhattan laid down some ground rules: no more pushing and no more grabbing deeply discounted merchandise out of the hands of other customers.     ''Civilized! Civilized!'' implored one employee, as he dumped a cardboard box full of computer equipment into the outstretched hands of two dozen shoppers, who nevertheless lunged at one another to secure some of the limited supply of wireless adapters and Internet cards.  ",-0.6627,0.096,0.862,0.042
12/1/2005,"Texas Instruments, one of the biggest makers of cellphone chips, said yesterday that profit this quarter would be at the top end of its forecast, partly on increased holiday sales of new handsets.      Fourth-quarter profit will rise to 38 to 40 cents a share, compared with the company's October forecast of 36 to 40 cents. The range of its sales forecast was narrowed to $3.56 billion to $3.71 billion, from $3.42 billion to $3.72 billion, the company said.  ",0.9013,0,0.835,0.165
12/1/2005,"Online retailers, whose growth was expected to level off after a decade of dizzying gains, experienced a stellar holiday season, according to two preliminary reports released yesterday, as traditional stores like Wal-Mart and Target cemented their place on the Web.     Consumer spending online reached $18.1 billion in November and December, a 25 percent increase over 2004, according to the research firm ComScore Networks.  ",0.8979,0,0.795,0.205
11/1/2005,,0,0,0,0
11/1/2005,"Wal-Mart Stores reports 3.8 percent rise in third-quarter earnings, to $2.4 billion, smallest quarterly profit increase in four years, but predicts strong holiday sales on strength of aggressive marketing campaign; says sales for quarter rose to $75.4 billion from $68.5 billion a year earlier; attributes drag on third-quarter earnings to several one-time costs, including store closings caused by hurricanes and higher costs of fueling its large trucks; photo (M)",0.9127,0.052,0.752,0.196
11/1/2005,,0,0,0,0
12/1/2005,"Electronic Arts says holiday sales of its video games will be 'well below' earlier projections, latest sign of sharp slide in performance of industry; analysts blame confluence of factors for industry's slide, but say main reason is that Microsoft Corp created huge demand for its Xbox 360 game console through heavy marketing, but did not make enough machines to satisfy demand; say consumers are thus waiting to buy Xbox 360's and, in turn, passing up purchases of games for previous generation of video game consoles, like original Xbox and Sony PlayStation 2; NPD, market research company, has reported that domestic video game sales were $700 million in November, down from $850 million in November 2004; photo (M)",0.9306,0.04,0.815,0.145
11/1/2005,"CRAFTS fairs have come a long way since the days when potters and woodworkers simply gathered on Main Street to sell their wares. Today's events are sleek and sophisticated, with lavish displays of painted silks, watercolors and jewelry vying for attention with hand-framed prints and stained-glass creations.     For example, the holiday boutique planned by the nonprofit Long Island Arts Council in Freeport for Thursday evening, Dec. 1, has a theme of wearable art: jackets, shawls, handbags, painted silk scarves -- all types of decorative clothing and accessories.  ",0.836,0,0.902,0.098
11/1/2005,"Falling fuel prices lifted consumer sentiment in the United States this month, brightening the outlook for the holiday shopping season.     The University of Michigan said yesterday that its index of consumer sentiment increased to 81.6 during the month, from 74.2 in October. Forecasters had expected a reading a 81. The gauge of expectations, which tends to foreshadow changes in consumer spending, also rose.  ",0.8591,0.023,0.815,0.162
11/1/2005,"Stocks rose yesterday for the seventh consecutive trading session as speculation that holiday sales would exceed earlier estimates lifted the shares of retailers, including Best Buy.      The market has now completed its fifth consecutive weekly advance, spurred by signs the Federal Reserve might soon stop raising interest rates, improving consumer sentiment and oil prices under $60 a barrel.  ",0.9136,0.032,0.749,0.219
12/1/2006,"As the nation's merchants began crunching numbers from November, the crucial first leg of the holiday shopping season, one pattern stood out: consumers flocked into department stores but largely shopped right past specialty clothing retailers.     The pattern could hurt chains like Gap, Ann Taylor Stores and Abercrombie & Fitch, and could lead to deeper discounts as those stores scramble to lure customers in the weeks before Christmas.  ",-0.128,0.063,0.867,0.07
12/1/2006,Consumers flocked to department stores but largely shopped right past specialty clothing retailers.,0,0,1,0
11/1/2006,"Early openings, deep discounts and resurgent department stores appeared to give merchants at the mall an edge over discount retailers.",0,0,1,0
12/1/2006,"Shoppers swarmed discount stores and mobbed suburban malls over crucial holiday weekend, but final burst of buying is expected to fall short of retailers' expectations; Visa USA says it will lower its closely watched forecast for holiday spending; says sales rose 6.5 percent in November and December, compared with same period last year, but down from its initial forecast of 7.5 percent gain; ShopperTrak RCT, which measures purchases at 45,000 mall-based stores, says spending rose 22.5 percent on Dec 22 and 23, compared with same period last year, hitting $16.3 billion (M)",0.802,0.028,0.873,0.099
12/1/2006,The final burst of buying over the crucial holiday weekend is expected to fall short of retailers expectations.,0.4019,0,0.863,0.137
11/1/2006,"For Wal-Mart, the strategy represents a bet that it can save Christmas by single-mindedly stressing low prices.",-0.1027,0.221,0.625,0.154
12/1/2006,The German retail sector reported a pickup in the second half of December as last-minute holiday shoppers packed into stores and filled cash registers. But a late buying binge in the United States was not enough to meet sales goals.,0.6705,0,0.867,0.133
11/1/2006,"Wal-Mart Stores, Target and Costco post disappointing sales figures for October, suggesting at approach of holiday shopping season that consumers may be watching their expenditures; Wal-Mart, which had meager 0.5 percent rise in same-store sales for month, is expected to make sharp price cuts well before Friday after Thanksgiving; Federated Depatment Stores, J C Penney and Nordstrom report stronger sales gains for month; Labor Department reports that average hourly wages of American workers rose at seasonally adjusted annual rate of 3.7 percent in third quarter, but that productivity was unchanged; photos; graphs (M)",0.296,0.039,0.889,0.072
12/1/2006,"NEW YORK  Retailers are calling it the Coat Crisis of 2006, a fashion fiasco measured in racks of unsold fur-lined shearlings at Saks Fifth Avenue in New York and hooded wool peacoats at the Galeries Lafayette department store in Paris.",-0.8126,0.167,0.833,0
11/1/2006,The results suggest that lower- and middle-class Americans are holding on to their wallets even as energy prices fall and wages rise.,-0.0258,0.091,0.823,0.086
11/1/2007,The reports suggest that jittery consumers are flocking to rock bottom prices and to little else  a boon for discounters like Wal-Mart but trouble for higher-end chains.,-0.4215,0.121,0.819,0.06
11/1/2007,Consumer sentiment warns of low holiday sales.,0.0516,0.343,0.392,0.265
11/1/2007,Hunting for holiday bargain fares to Europe? A number of airlines are running business-class sales with discounts so deep they rival coach-class prices.,0.5859,0,0.766,0.234
11/1/2007,The reports suggest that jittery consumers are flocking to rock-bottom prices and to little else  a boon for discount stores but trouble for higher-end chains.,-0.5499,0.134,0.866,0
11/1/2007,"With stores in the United States dangling steep discounts and consumers worried about the economy, retail sales surged Friday, the day after the U.S. Thanksgiving holiday, yet the amount of money each shopper spent fell, according to two reports.",0.5106,0.05,0.824,0.126
11/1/2007,"Two years ago, Cyber Monday was a marketing gimmick in the United States in search of shoppers. This year, it seems to be a genuine trend that retailers have embraced.",0.4215,0,0.906,0.094
12/1/2007,How little shopping was there this shopping season?,0,0,1,0
11/1/2007,"Two years ago, Cyber Monday  was a marketing strategy in search of shoppers. This year, it seems to be a genuine trend.",0,0,1,0
12/1/2007,"Online sales of holiday stalwarts like jewelry, watches and flowers have dropped from last years levels, while sales of more practical items like furniture and appliances have climbed.",0.7717,0,0.765,0.235
12/1/2007,"Uneasy about the economy and unimpressed by merchandise, American shoppers delivered the bleak holiday shopping season retailers had expected. Spending rose just 3.6 percent over 2006.",-0.3182,0.163,0.749,0.088
11/1/2008,"COLUMBIA, Maryland  The U.S. holiday shopping season got off to a slow start as consumers, squeezed by the economic crisis, bought carefully, and many said they would wait for better deals closer to Christmas.",0.25,0.102,0.721,0.177
12/1/2008,Kanye Wests new 808s & Heartbreak topped the album chart on a Thanksgiving week that saw lower-than-expected sales.,0,0,1,0
12/1/2008,A look at the top-selling cameras from the online retailer reveals some stark trends.,0,0,1,0
11/1/2008,"COLUMBIA, Maryland  The U.S. holiday shopping season got off to a slow start as consumers, squeezed by the economic crisis, bought carefully and many said they would wait for better deals closer to Christmas.",0.25,0.102,0.721,0.177
11/1/2008,"Retailers began their after-Christmas sales in earnest on Friday, but even if business is brisk, it will not make up for the dismal holiday shopping season.",0.0258,0.157,0.627,0.217
11/1/2008,"SAN FRANCISCO  In a rare bright spot for the U.S. retail industry, e-commerce sites had a strong holiday weekend, with online sales from Friday through Monday up 13 percent compared with last year, according to data released Wednesday by comScore.",0.836,0,0.797,0.203
12/1/2008,"Heres something to add to the todays list of holiday sales: Housing Works will have a sale of 500 vintage Yves Saint Laurent pieces on Dec. 11, from 6 p.m. to 9 p.m. The location is 157 E. 23rd, between Lexington and Third (212-529-5955), and prices will range from $45 to $250. According to Housing Works, the clothesevening dresses, pinstriped suits, frilly blouses and moreare from one New York donor. (The period seems to be 70s-80s; sizes run from 32 to 44.) The sale, with refreshments, is free and open to the public. ",0.7184,0,0.936,0.064
12/1/2008,"While traditional retailers suffer, strong sales on Cyber Monday capped a good holiday weekend for online retailers, according to comScore.",0.6597,0.128,0.547,0.325
12/1/2008,"Foot traffic at retail stores declined 23.7 percent and sales fell 5.3 percent compared with a year ago, according to the research firm ShopperTrak.",0,0,1,0
11/1/2008,"SAN FRANCISCO  In a rare bright spot for the U.S. retail industry, e-commerce sites had a strong Thanksgiving weekend, with online sales from Friday through Monday up 13 percent, compared with sales in the same period last year, according to data by comScore.",0.7351,0,0.863,0.137
11/1/2009,"John Mayers latest album, Battle Studies, easily topped the Billboard chart in a week heavy with prominent new releases as the music industry gears up the for the holiday-shopping period.",0.5719,0,0.852,0.148
11/1/2009,"Online discount retailer, Gilt Groupe Inc. has created a series of flash holiday sales that combine upscale vacations and fashion duds.",0.5719,0,0.793,0.207
11/1/2009,"Holiday sales of hardcovers are the latest chapter in the nations culture wars, with corporate giants accused of trying to push political agendas.",-0.4767,0.204,0.702,0.095
12/1/2009,The figures reinforced expectations of a modest rise in consumer spending over the next few months.,0,0,1,0
12/1/2009,"Despite reports of weaker spending on the Friday after Thanksgiving, the nations stores appear to have fared much better this November than last year.",0.6492,0,0.806,0.194
12/1/2009,"Markets kept their winning streak alive for at least one more day on Monday, regaining some momentum in the final minutes of the day to end higher.",0.7184,0,0.806,0.194
12/1/2009,"After winter storms caused slower than usual sales last Saturday, retailers are hoping there will be lots of last-minute shoppers and are rolling out online shipping promotions to encourage the procrastinators.",0.7269,0,0.826,0.174
11/1/2009,"The Bay Areas foodies, booksellers and nightclub owners.",0,0,1,0
11/1/2009,"In its first TV spots for Christmas since 2006, Gap is featuring energetic young people performing as singers and cheerleaders.",0.6249,0,0.779,0.221
11/1/2009,Retailing analysts said sales declines were minor and that many consumers were saving their strength for the day after Thanksgiving.,0.4939,0,0.856,0.144
11/1/2010,The average amount spent per person from Thursday to Sunday was more than a 6 percent increase over last year.,0.3744,0,0.869,0.131
11/1/2010,"The Friday before Thanksgiving offers a refuge for shoppers who hate Black Fridays crowds, but love deals.",0.6652,0.106,0.632,0.262
11/1/2010,Student Opinion | Will you take part in the ritual of shopping for bargains on Black Friday?,0,0,1,0
11/1/2010,"J. Crew will sell itself for $43.50 a share to TPG, Leonard Green & Partners and the companys chairman, Millard S. Drexler.",0.296,0,0.896,0.104
12/1/2010,"The digital camera maker is advertising a 3-D camera to parents at showings of movies intended for families, like Harry Potter and Tangled.",0.3612,0,0.894,0.106
12/1/2010,"A combination of the two bookstore chains could help them pare back the number of stores they run, as well as cut operational costs.",0.4588,0.077,0.699,0.224
11/1/2010,The United States market started out lower but regained some ground in part because of signs that consumer confidence was improving.,0.8573,0.056,0.593,0.351
11/1/2010,"As they pursue the retailer, two buyout firms want to keep the leadership of Millard S. Drexler, its chairman and chief executive.",0.0772,0,0.942,0.058
12/1/2010,"Did Black Friday, Small Business Saturday or Cyber Monday help your business?",0.4019,0,0.803,0.197
12/1/2010,"Despite optimistic economic forecasts, a national survey highlights the deep and continuing pain experienced by millions of jobless Americans.",-0.6442,0.247,0.753,0
12/1/2011,"The Saturday before Christmas is too crucial to retailers to be left in the hands of procrastinating shoppers, so many stores are having Super Saturday this weekend instead.",0,0,1,0
11/1/2011,"American consumers opened their wallets in a way they had not since before the recession, setting records in sales and traffic, but there were signs the gains might not last.",0.296,0.059,0.844,0.097
12/1/2011,"New York Citys department store restaurants are good enough for destination dining, doubly so during the holiday and post-holiday sales seasons.",0.7063,0,0.764,0.236
12/1/2011,"Despite the tough economy and struggles for offline retailers, shoppers have spent $32 billion online this holiday season, an increase of 15 percent over last year. Though mobile shopping has contributed to online spending this year, shoppers are more likely to browse and research e-commerce sites from their cellphones and then turn to their tablets to make purchases, especially in the evening.",0.4205,0.059,0.841,0.1
12/1/2011,Michael Bubls Christmas is this years holiday hit and is the third-best-selling album of the year.,0.4019,0,0.847,0.153
11/1/2011,"When stores open for Black Friday sales late Thursday night, the differences between how affluent and more ordinary Americans shop in the uncertain economy will be on unusually vivid display.",-0.296,0.071,0.929,0
12/1/2011,"The closings represent a fraction of the total stores, but they underscore the retailers precarious financial position.",0,0,1,0
12/1/2011,"In the so-called year of the e-book, retail bookshops are reporting brisk sales for high-priced titles.",0.1531,0,0.904,0.096
12/1/2011,The police on Tuesday appealed for witnesses in a fatal stabbing that shut down Londons main shopping street on one of the busiest retail days of the year.,-0.5423,0.119,0.881,0
12/1/2011,A collection of links from the reporters and editors of the Dining section.,0,0,1,0
12/1/2012,Weak PC sales this holiday season suggest the struggles of Microsoft and other companies that depend heavily on the computer business will not abate soon.,-0.3127,0.177,0.721,0.102
12/1/2012,"The beleaguered electronics retailer says it will give its founder, Richard Schulze, until Feb. 28 to make a takeover bid for the company, so that he may look at holiday sales numbers.",0.4019,0,0.917,0.083
12/1/2012,"The British publishing and education company Pearson says it will invest $89.5 million in the digital Nook business for a 5 percent stake, as Barnes & Noble says that its holiday sales will be below expectations.",0.6908,0,0.845,0.155
11/1/2012,"Retailers enjoyed an average 2.7 percent increase in same-store sales, but analysts were looking ahead to Novembers results to assess Hurricane Sandys impact.",0.4215,0,0.847,0.153
12/1/2012,"Even without best sellers on the scale of last years Steve Jobs biography, owners of independent bookstores say sales are good, and that Kobo e-readers have been a boon.",-0.12,0.104,0.806,0.09
12/1/2012,"With Black Friday starting on Thanksgiving, and Cyber Monday lasting a week, retailers are doing their best to encourage a holiday shopping binge. But the economic effect is unclear.",0.8481,0.057,0.653,0.29
12/1/2012,Dont discount! Consumer confidence rises. Small-business confidence falls. And the Onion takes on social media marketing.,0.784,0,0.67,0.33
11/1/2012,"Sears, which sold many Bionic Wrenches last holiday season, is selling a similar product this year  only now it is made in China instead of America.",0.4019,0,0.899,0.101
11/1/2012,"Suspended shopping restrictions on Sunday provided a glimpse of what residents in Paramus, N.J., fear the town would look like if current laws were scrapped for good.",-0.2263,0.187,0.653,0.16
11/1/2012,"Obamacare lives, stocks plunge, and small businesses will need $2.5 billion to recover from Sandy. Would you buy a Surface for your business?",0,0,1,0
12/1/2013,"Competition from e-books has eased, but merchants face other obstacles during their most crucial sales period.",-0.4215,0.179,0.737,0.084
11/1/2013,A budget-conscious consumer mind-set is expected to hurt holiday sales.,-0.1779,0.26,0.534,0.206
11/1/2013,"Physical and online retailers are in a sort of arms race, pushing each other to start holiday sales earlier and earlier.",0.4019,0,0.876,0.124
12/1/2013,"More large retailers were open on Thanksgiving Day this year, and it appears those openings nibbled away not only at the holiday, but at the sales the day after, too.",0.2144,0,0.94,0.06
12/1/2013,Target's security breach came at the worst possible time- taking its focus away from the final holiday sales push- and into a damage control mode. Bobbi Rebell reports.,-0.4939,0.206,0.65,0.144
12/1/2013,Target's security breach came at the worst possible time- taking its focus away from the final holiday sales push- and into a damage control mode. Bobbi Rebell reports.,-0.4939,0.206,0.65,0.144
11/1/2013,"Self-gifters, who take advantage of frenzied holiday sales to buy a few things for themselves, have been growing in numbers and dollars spent.",0.6597,0,0.748,0.252
11/1/2013,Big retailers dont expect this Christmas shopping season to be very lucrative after budget battles and the shutdown have lowered consumer confidence and the willingness to buy.,0.3182,0.126,0.708,0.166
11/1/2013,"Brick and mortar stores like Target and Walmart are engaging heavily with social networks, notably Pinterest, to clinch holiday sales.",0.765,0,0.691,0.309
11/1/2013,"Brick-and-mortar stores like Walmart and Target are using social networks, particularly Pinterest, to engage with shoppers and bring in holiday sales.",0.7823,0,0.696,0.304
11/1/2014,Holiday spending is always closely watched  too closely  as an indicator of the nations economic health.,0.4019,0,0.847,0.153
12/1/2014,With a new year comes plenty of sales.,0,0,1,0
11/1/2014,"The struggling chain recruited 100 prominent authors, including Donna Tartt, David Mitchell and Dan Brown, to each autograph about 5,000 copies of their latest books, which will be on sale at its stores nationwide.",-0.128,0.075,0.863,0.062
11/1/2014,"On the edge of the Thanksgiving holiday sales, everyone is taking bets on consumers vs. retailers. Bobbi Rebell reports.",0.4019,0,0.87,0.13
12/1/2014,"Early data from MasterCard SpendingPulse shows holiday sales rose 5.5 percent, about in line with forecasts. Bobbi Rebell reports.",0.4019,0,0.87,0.13
12/1/2014,"Sales were estimated to have dropped to $50.9 billion from $57.4 billion last year, puzzling experts who predicted strong growth.",0.7096,0,0.753,0.247
11/1/2014,"Initial weak numbers revived concerns among retailers that, despite improved economic conditions, shoppers remain wary.",-0.6656,0.296,0.704,0
12/1/2014,"Holiday sales were down 11 percent, but how much of that was a result of the nationwide protests against the police shooting of Michael Brown?",-0.128,0.09,0.84,0.071
11/1/2014,"The home improvement retailer, the target of a cyberattack affecting as many as 56 million customers, beat analysts expectations with $1.5 billion in net earnings.",0.4588,0,0.885,0.115
11/1/2014,"Americans are expected to buy a record $89 billion worth of gifts online, a 13 percent jump over the 2013 season.",0.2263,0,0.905,0.095
11/1/2015,"Retailers are getting an early jump on holiday sales. Wal-Mart is the latest one, pulling its Cyber Monday promotions to start on Sunday. Bobbi Rebell reports.",0.4019,0,0.903,0.097
11/1/2015,"The retailer will open at 6 p.m. on Thanksgiving Day for the second year, the first time in years that it did not move up its opening times.",0,0,1,0
11/1/2015,Black Fridays importance has waned as retailers have offered holiday sales earlier and longer.,0.6369,0,0.698,0.302
11/1/2015,"Amazon jumped the gun, opening  its holiday sales season with a Black Friday deals store with a special early window for Prime members. Bobbi  Rebell reports.",0.5719,0.081,0.678,0.241
11/1/2015,"Amazon jumped the gun, opening  its holiday sales season with a Black Friday deals store with a special early window for Prime members. Bobbi  Rebell reports.",0.5719,0.081,0.678,0.241
12/1/2015,"Drone pilots, start your web browsers: The mandatory drone registration program is starting. Also this week, movie studios are fighting over a limited number of screens and new-home sales data will be released.",-0.4215,0.126,0.8,0.074
11/1/2015,"Some independent retailers are choosing closed doors over doorbusters and even forgoing all holiday discounts, saying that doing so makes smart business sense.",0.6887,0,0.787,0.213
11/1/2015,Verizon is introducing a television ad encouraging people to enjoy family and friends rather than their small screens.,0.8658,0,0.591,0.409
11/1/2015,"Aggressive discounting from Macys, one of the countrys biggest merchants, is bad news for retailers this holiday season, which is shaping up to be highly discount-driven.",-0.2441,0.163,0.737,0.1
11/1/2015,"The decline in impact of the day after Thanksgiving suggests a shift in the way consumers spend. Theyre going online more, and buying furnishings instead of sweaters.",0,0,1,0
12/1/2016,"Some part of me still has a childs desire to wake up, starry-eyed, and find surprises chosen with love and obtained in secret.",0.8316,0,0.683,0.317
12/1/2016,"The day after Christmas is one of the busiest shopping days of the year, luring shoppers looking for a bargain, and teenagers looking for trouble.",-0.2263,0.102,0.83,0.068
11/1/2017,"Except for Amazon, most major retailers have scaled back plans for hiring temporary employees during the years biggest shopping season, and Walmart is adding almost none.",0.1779,0,0.936,0.064
11/1/2017,"Brands, struggling to profit in the critical holiday season, have found a way to start sales early.",0.128,0.225,0.529,0.247
11/1/2017,An iconic American company is closing stores and cutting costs as part of a turnaround it hopes will retain loyal customers and attract new ones.,0.7845,0.05,0.669,0.281
11/1/2017,"Once the forks are put down for good, Americans will begin their holiday shopping in earnest. Televisions promise to offer some of the best deals.",0.9371,0,0.565,0.435
12/1/2017,A faded industrial town in the North Country region of New York State is relying on local residents crafts and wits to make its shopping center a destination again.,0,0,1,0
11/1/2017,"Will companies invest their cash windfall from the Republican tax plans? Also, the Murdochs are in talks with suitors interested in pieces of their empire. But will they sell?",0.4696,0,0.901,0.099
12/1/2018,"A backlog at the printing presses, plus a surging demand for popular hardcover titles, has hurt publishers at peak sales season, with popular titles out of stock in some stores.",0.1779,0.142,0.696,0.162
12/1/2018,So many people give expensive cars as presents that gift sales can make up 10 percent or more of December sales for luxury auto dealers.,0.4404,0,0.892,0.108
11/1/2018,"Black Friday and Cyber Monday mean hundreds of online deals, discounts, and in-person doorbusters, but these tips will help you tell which ones are really worth your money.",0.7461,0,0.804,0.196
11/1/2018,"Consumer confidence points to open pocketbooks in the short run. Trade tensions, market upheaval and other factors may make the new year less bright.",0.4951,0.091,0.709,0.2
11/1/2018,"In 2018, hefty fiscal stimulus has buoyed the markets and helped America shrug off risks. That safeguard looks set to be weakened next year.",-0.2023,0.157,0.75,0.093
12/1/2018,Moves like Mnuchins phone calls to bank C.E.O.s could create a broader crisis of confidence.,0.4215,0.186,0.455,0.359
11/1/2018,"At yesterdays DealBook conference in New York, we heard from some of Americas most important business leaders. Heres what they said.",0.2716,0,0.905,0.095
12/1/2019,A retail survey showed an 18.8 percent rise in online shopping. Consumer confidence has been bolstered this year by a low unemployment rate.,-0.1779,0.19,0.684,0.125
11/1/2019,"A liquidation sale at Barneys means  5 percent off luxury handbags. For now, at least.",0,0,1,0
12/1/2019,Holiday sales can present a prime opportunity for those in the market for a new vehicle  if youre flexible on the model.,0.7506,0,0.697,0.303
11/1/2019,Its not a day. Its a synonym for sale. And it needs to change.,0,0,1,0
12/1/2019,The company gets that many daily submissions to edit descriptions and details about products for sale on its site. How does it keep up?,0,0,1,0
12/1/2019,"Delia Owenss debut novel has sold more than four million copies  an astonishing trajectory for any new writer, much less for a 70-year-old wildlife scientist.",0.3182,0,0.909,0.091
11/1/2019,The dealer Edith Gregor Halpert helped put American art on the map  and then she vanished.,0,0,1,0
